fold,region,train_size,test_size,rmse,mae,mape,r2,aic,bic,true_peak_week,pred_peak_week,peak_week_error
1,nat,626,91,2.2954203229011667,2.06451646004451,133.645682693307,-38.47025614553904,231.95389236267386,253.21341177850329,4,12,8
2,nat,613,104,2.3139144899002733,2.1072528579823775,134.4522642308241,-82.2031741074536,210.40954517706666,231.54222852350398,12,11,1
3,nat,612,105,1.5283794545038611,1.2363008371893414,71.07641013905886,-1.4763016860151987,189.74046828317194,210.86326042954875,12,11,1
4,nat,613,104,2.1589426644740644,1.8867129332645676,106.62905907135945,-20.103444250569538,270.6524634504815,291.7851467969188,19,11,8
5,nat,613,104,2.6458556581951664,2.329617048315714,73.50445916856984,-0.3117805477039921,242.00740392250646,263.1400872689438,17,11,6
