fold,region,train_size,test_size,rmse,mae,mape,r2,true_peak_week,pred_peak_week,peak_week_error
1,nat,626,91,2.758212597378162,2.548010333398325,180.93066602697562,-55.990304217243384,4,12,8
2,nat,613,104,1.3868867359653017,1.350699936801211,83.41575904348655,-28.89009341732625,12,7,5
3,nat,612,105,1.747449123090646,1.600596838922765,67.22039812337984,-2.237056291010307,12,12,0
4,nat,613,104,1.0222452814416187,0.9802955184171674,51.961316312195564,-3.7313094393187827,19,11,8
5,nat,613,104,3.864019639696654,3.2457976694594644,80.51241016573401,-1.7977412150194882,17,12,5
