fold,region,train_size,test_size,rmse,mae,mape,r2,true_peak_week,pred_peak_week,peak_week_error
1,nat,626,91,1.5125677820435213,1.4619612811991367,89.8525827642921,-16.138594014492185,4,0,4
2,nat,613,104,1.3611008807678227,1.332352387967187,82.7221914284172,-27.788955813717017,12,0,12
3,nat,612,105,2.047175022288711,1.7726780345722069,68.6327992078606,-3.4427422658369338,12,0,12
4,nat,613,104,1.420249631634593,1.3107123262047176,65.0896282908533,-8.132727392525746,19,0,19
5,nat,613,104,4.023077044968309,3.2481725540443,73.31483673372865,-2.0328126987860715,17,0,17
