fold,region,train_size,test_size,rmse,mae,mape,r2,true_peak_week,pred_peak_week,peak_week_error
1,nat,626,91,1.24134465398075,1.1912587773600256,73.05710234173038,-10.543307274133937,4,0,4
2,nat,613,104,1.453481079167613,1.4183595925792638,87.80515865749814,-31.829483374340754,12,0,12
3,nat,612,105,2.238357204147849,2.003414905820579,80.77045303368224,-4.311289317376622,12,0,12
4,nat,613,104,1.420411646482882,1.3109055306594253,65.10079782821994,-8.13481114147348,19,0,19
5,nat,613,104,4.276617678187088,3.6135089845976305,89.31533529926286,-2.427123414611159,17,0,17
