fold,region,train_size,test_size,rmse,mae,mape,r2,true_peak_week,pred_peak_week,peak_week_error
1,nat,626,91,12.01068545775299,11.935971792709752,767.8394793700897,-1079.6401198334488,4,0,4
2,nat,613,104,1.667068235389691,1.4606770730094092,91.79243867856941,-42.18690049350032,12,18,6
3,nat,612,105,1.0709589790794563,0.9634892724236076,50.30151019942532,-0.21586916346403817,12,8,4
4,nat,613,104,0.9878881572923616,0.8575704039592142,52.14944303858105,-3.4186202862947512,19,7,12
5,nat,613,104,2.811353808648026,2.6127858328594438,76.97926471992254,-0.48101651144341173,17,19,2
