fold,region,train_size,test_size,rmse,mae,mape,r2,true_peak_week,pred_peak_week,peak_week_error
1,nat,626,91,0.9077527223568694,0.7191392140707291,55.494390996705754,-5.172777458486834,4,19,15
2,nat,613,104,1.2277882837970138,1.0281385909546328,61.91524778652243,-22.425682495636398,12,12,0
3,nat,612,105,2.1958981560580817,1.9814792422955574,80.7866953951227,-4.11170237526811,12,12,0
4,nat,613,104,1.5763234441071792,1.5074277177743403,77.1866092639286,-10.250240152217742,19,11,8
5,nat,613,104,4.240335091835028,3.549837813387697,86.67104437067395,-2.369219041138296,17,12,5
