fold,region,train_size,test_size,rmse,mae,mape,r2,true_peak_week,pred_peak_week,peak_week_error
1,nat,626,91,12.009513283270168,11.934572694194781,767.71650570314,-1079.4292014863242,4,0,4
2,nat,613,104,1.6726595248060812,1.4653893551341608,92.06782535128862,-42.477081058784634,12,18,6
3,nat,612,105,1.070958720287758,0.96348903533738,50.30149189589024,-0.2158685758471195,12,8,4
4,nat,613,104,0.9932326110336357,0.8619479169943928,52.43023688265861,-3.466558891833248,19,7,12
5,nat,613,104,2.795326350482517,2.600323105844495,76.7546559530705,-0.4641781695154892,17,19,2
