fold,region,train_size,test_size,rmse,mae,mape,r2,true_peak_week,pred_peak_week,peak_week_error
1,nat,626,91,2.7582125973781615,2.5480103333983246,180.9306660269756,-55.99030421724338,4,12,8
2,nat,613,104,1.3872776095848687,1.3511177254870272,83.44296998054978,-28.906943957570263,12,7,5
3,nat,612,105,1.7474491404091785,1.6005968563637318,67.22039896529806,-2.2370563551736233,12,12,0
4,nat,613,104,1.0222452814416187,0.9802955184171672,51.961316312195564,-3.731309439318782,19,11,8
5,nat,613,104,3.854865490053955,3.236917803228363,80.2542737034108,-1.7845008037291166,17,12,5
