fold,region,train_size,test_size,rmse,mae,mape,r2,true_peak_week,pred_peak_week,peak_week_error
1,nat,626,91,6.448812659808379,5.085474488814866,503.06174600972025,-48.2564820560384,56,78,22
2,nat,613,104,1.8185905933274331,1.3849557380897084,77.93946515851673,-2.371382711167298,64,12,52
3,nat,612,105,1.8006601645087155,1.4267147367740778,70.50003472314538,-1.7931568063421124,64,39,25
4,nat,613,104,1.747248760444012,1.4432114621078134,71.62819774758299,-2.3880269645107703,70,39,31
5,nat,613,104,2.642448134322889,2.0115810121582456,78.23744846427965,-1.4138591831566298,17,34,17
