fold,region,train_size,test_size,rmse,mae,mape,r2,true_peak_week,pred_peak_week,peak_week_error
1,nat,626,91,6.399872506256727,5.305293596847718,428.0715856470492,-47.51170226361805,56,63,7
2,nat,613,104,1.7208705616925706,1.36542911267542,74.17584030893033,-2.0188016959621815,64,103,39
3,nat,612,105,1.4839512398952073,1.2551434892552855,68.25457133811464,-0.8970163134984335,64,64,0
4,nat,613,104,1.4478213447411212,1.256116211446679,68.53696947316249,-1.3263085990298151,70,11,59
5,nat,613,104,2.393207541252604,1.8690022212316901,77.35470895296116,-0.9799750284351161,17,12,5
