fold,region,train_size,test_size,rmse,mae,mape,r2,true_peak_week,pred_peak_week,peak_week_error
1,nat,626,91,7.074087754862429,4.990507320340662,402.2810589038631,-58.27134130911492,56,1,55
2,nat,613,104,1.9052765603143282,1.5646204997665838,92.36115066268049,-2.7004473019088726,64,18,46
3,nat,612,105,1.8581048582964428,1.5586019837508607,89.65679764194195,-1.974214190276839,64,13,51
4,nat,613,104,1.414660055806117,1.0863931415686243,58.34715779792001,-1.2209641994584306,70,7,63
5,nat,613,104,2.25842095407443,1.8549178409940787,85.82782425973757,-0.7632292303113577,17,20,3
