fold,region,train_size,test_size,rmse,mae,mape,r2,true_peak_week,pred_peak_week,peak_week_error
1,nat,626,91,7.074087754862587,4.990507320340667,402.28105890388514,-58.27134130911758,56,1,55
2,nat,613,104,1.9052765472603694,1.5646204821599001,92.36114936500823,-2.7004472512018123,64,18,46
3,nat,612,105,1.8581048568091576,1.5586019832853135,89.6567976257397,-1.9742141855155313,64,13,51
4,nat,613,104,1.41466005581984,1.0863931415354278,58.34715779458427,-1.2209641995015192,70,7,63
5,nat,613,104,2.2557690673714124,1.8537796479257151,85.8785984740528,-0.7590908176919726,17,20,3
