fold,region,train_size,test_size,rmse,mae,mape,r2,true_peak_week,pred_peak_week,peak_week_error
1,nat,626,91,6.399872506256727,5.305293596847718,428.0715856470492,-47.51170226361805,56,63,7
2,nat,613,104,1.723435002427822,1.3694928414892387,74.49784659574769,-2.027805634354679,64,103,39
3,nat,612,105,1.4931928471033424,1.263640068779395,68.74194080288449,-0.9207179953137143,64,64,0
4,nat,613,104,1.4480147280513505,1.255404396503322,68.39077211338032,-1.3269300835842568,70,11,59
5,nat,613,104,2.3899969482249785,1.8661464239189338,77.23306954152882,-0.9746661449510055,17,12,5
