fold,region,train_size,test_size,rmse,mae,mape,r2,true_peak_week,pred_peak_week,peak_week_error
1,nat,626,91,1.637832451485913,1.5986160006434416,99.31401754335221,-19.09483495809039,4,0,4
2,nat,613,104,1.5903227918104759,1.5357256299171063,94.58745025297141,-38.302108415410416,12,0,12
3,nat,612,105,2.548168265537987,2.309556641265589,94.29260494233483,-5.883310758529798,12,0,12
4,nat,613,104,1.9541073776581883,1.8589035170668708,94.79755357964527,-16.288924292451778,19,0,19
5,nat,613,104,4.449995494708045,3.62260028029676,82.15560727071646,-2.7106332598893403,17,0,17
